Date,Time,All,N,S,,,,,,,,
Monday 1 May 2017,00:00,1713,571,1142,,,,,,,,
,01:00,883,309,574,,,,,,,,
,02:00,498,238,260,,,,,,,,
,03:00,695,412,283,,,,,,,,
,04:00,1153,812,341,,,,,,,,
,05:00,1588,950,638,,,,,,,,
,06:00,2047,1031,1016,,,,,,,,
,07:00,2522,1419,1103,,,,,,,,
,08:00,2807,1415,1392,,,,,,,,
,09:00,4068,2046,2022,,,,,,,,
,10:00,5603,2796,2807,,,,,,,,
,11:00,7045,3547,3498,,,,,,,,
,12:00,8839,4483,4356,,,,,,,,
,13:00,9596,4948,4648,,,,,,,,
,14:00,9336,4948,4388,,,,,,,,
,15:00,8862,4611,4251,,,,,,,,
,16:00,8802,4658,4144,,,,,,,,
,17:00,8723,4593,4130,,,,,,,,
,18:00,8301,4384,3917,,,,,,,,
,19:00,7192,3615,3577,,,,,,,,
,20:00,5670,2785,2885,,,,,,,,
,21:00,4028,2026,2002,,,,,,,,
,22:00,2816,1353,1463,,,,,,,,
,23:00,1881,836,1045,,,,,,,,
,Total,114668,58786,55882,,,,,,,,
Tuesday 2 May 2017,00:00,1403,475,928,,,,,,,,
,01:00,690,227,463,,,,,,,,
,02:00,389,197,192,,,,,,,,
,03:00,639,414,225,,,,,,,,
,04:00,1498,1075,423,,,,,,,,
,05:00,2875,1797,1078,,,,,,,,
,06:00,6922,3490,3432,,,,,,,,
,07:00,11986,6231,5755,,,,,,,,
,08:00,11433,6346,5087,,,,,,,,
,09:00,10110,5193,4917,,,,,,,,
,10:00,8481,4439,4042,,,,,,,,
,11:00,8218,4140,4078,,,,,,,,
,12:00,8509,4247,4262,,,,,,,,
,13:00,8884,4511,4373,,,,,,,,
,14:00,9023,4553,4470,,,,,,,,
,15:00,9926,5031,4895,,,,,,,,
,16:00,12358,6030,6328,,,,,,,,
,17:00,12488,6222,6266,,,,,,,,
,18:00,9778,4981,4797,,,,,,,,
,19:00,6722,3374,3348,,,,,,,,
,20:00,5057,2410,2647,,,,,,,,
,21:00,3916,1818,2098,,,,,,,,
,22:00,2687,1327,1360,,,,,,,,
,23:00,1914,824,1090,,,,,,,,
,Total,155906,79352,76554,,,,,,,,
Wednesday 3 May 2017,00:00,1389,519,870,,,,,,,,
,01:00,791,247,544,,,,,,,,
,02:00,457,223,234,,,,,,,,
,03:00,619,412,207,,,,,,,,
,04:00,1361,950,411,,,,,,,,
,05:00,2531,1577,954,,,,,,,,
,06:00,6803,3371,3432,,,,,,,,
,07:00,9597,5237,4360,,,,,,,,
,08:00,9858,5802,4056,,,,,,,,
,09:00,10967,5599,5368,,,,,,,,
,10:00,8554,4570,3984,,,,,,,,
,11:00,8563,4348,4215,,,,,,,,
,12:00,8751,4403,4348,,,,,,,,
,13:00,8997,4575,4422,,,,,,,,
,14:00,9137,4499,4638,,,,,,,,
,15:00,10400,5203,5197,,,,,,,,
,16:00,12261,6236,6025,,,,,,,,
,17:00,12565,6196,6369,,,,,,,,
,18:00,10612,5328,5284,,,,,,,,
,19:00,7614,3827,3787,,,,,,,,
,20:00,5509,2652,2857,,,,,,,,
,21:00,4529,2113,2416,,,,,,,,
,22:00,3136,1431,1705,,,,,,,,
,23:00,2141,958,1183,,,,,,,,
,Total,157142,80276,76866,,,,,,,,
Thursday 4 May 2017,00:00,1397,459,938,,,,,,,,
,01:00,662,222,440,,,,,,,,
,02:00,450,231,219,,,,,,,,
,03:00,637,400,237,,,,,,,,
,04:00,1339,940,399,,,,,,,,
,05:00,2356,1474,882,,,,,,,,
,06:00,6713,3275,3438,,,,,,,,
,07:00,11825,6088,5737,,,,,,,,
,08:00,11384,6209,5175,,,,,,,,
,09:00,9793,4920,4873,,,,,,,,
,10:00,8489,4486,4003,,,,,,,,
,11:00,8221,4208,4013,,,,,,,,
,12:00,8701,4352,4349,,,,,,,,
,13:00,9053,4597,4456,,,,,,,,
,14:00,9222,4722,4500,,,,,,,,
,15:00,10580,5348,5232,,,,,,,,
,16:00,12886,6239,6647,,,,,,,,
,17:00,12652,6376,6276,,,,,,,,
,18:00,10716,5369,5347,,,,,,,,
,19:00,7758,3811,3947,,,,,,,,
,20:00,5934,2859,3075,,,,,,,,
,21:00,4756,2262,2494,,,,,,,,
,22:00,3359,1455,1904,,,,,,,,
,23:00,2331,1061,1270,,,,,,,,
,Total,161214,81363,79851,,,,,,,,
Friday 5 May 2017,00:00,1722,614,1108,,,,,,,,
,01:00,987,300,687,,,,,,,,
,02:00,537,253,284,,,,,,,,
,03:00,721,459,262,,,,,,,,
,04:00,1490,1026,464,,,,,,,,
,05:00,2521,1479,1042,,,,,,,,
,06:00,6605,3375,3230,,,,,,,,
,07:00,11509,6065,5444,,,,,,,,
,08:00,10994,5989,5005,,,,,,,,
,09:00,9572,4853,4719,,,,,,,,
,10:00,8517,4429,4088,,,,,,,,
,11:00,9045,4709,4336,,,,,,,,
,12:00,9691,4745,4946,,,,,,,,
,13:00,10316,5007,5309,,,,,,,,
,14:00,11086,5471,5615,,,,,,,,
,15:00,10461,5526,4935,,,,,,,,
,16:00,9845,6130,3715,,,,,,,,
,17:00,11525,5914,5611,,,,,,,,
,18:00,10628,5194,5434,,,,,,,,
,19:00,8151,3941,4210,,,,,,,,
,20:00,6020,2839,3181,,,,,,,,
,21:00,4616,2210,2406,,,,,,,,
,22:00,3787,1831,1956,,,,,,,,
,23:00,2750,1261,1489,,,,,,,,
,Total,163096,83620,79476,,,,,,,,
Saturday 6 May 2017,00:00,2045,737,1308,,,,,,,,
,01:00,952,360,592,,,,,,,,
,02:00,685,338,347,,,,,,,,
,03:00,972,509,463,,,,,,,,
,04:00,1483,1041,442,,,,,,,,
,05:00,1848,1106,742,,,,,,,,
,06:00,2851,1546,1305,,,,,,,,
,07:00,4122,2289,1833,,,,,,,,
,08:00,5476,2693,2783,,,,,,,,
,09:00,7077,3588,3489,,,,,,,,
,10:00,7838,4054,3784,,,,,,,,
,11:00,8831,4438,4393,,,,,,,,
,12:00,9623,4690,4933,,,,,,,,
,13:00,10273,4925,5348,,,,,,,,
,14:00,10117,5085,5032,,,,,,,,
,15:00,9012,4495,4517,,,,,,,,
,16:00,8564,4284,4280,,,,,,,,
,17:00,8745,4386,4359,,,,,,,,
,18:00,7595,3971,3624,,,,,,,,
,19:00,6253,3127,3126,,,,,,,,
,20:00,4560,2257,2303,,,,,,,,
,21:00,3181,1444,1737,,,,,,,,
,22:00,2635,1219,1416,,,,,,,,
,23:00,2303,989,1314,,,,,,,,
,Total,127041,63571,63470,,,,,,,,
Sunday 7 May 2017,00:00,1867,755,1112,,,,,,,,
,01:00,1234,443,791,,,,,,,,
,02:00,658,293,365,,,,,,,,
,03:00,696,447,249,,,,,,,,
,04:00,1325,921,404,,,,,,,,
,05:00,1487,952,535,,,,,,,,
,06:00,1686,908,778,,,,,,,,
,07:00,2396,1397,999,,,,,,,,
,08:00,3272,1649,1623,,,,,,,,
,09:00,5003,2531,2472,,,,,,,,
,10:00,6468,3232,3236,,,,,,,,
,11:00,8132,4216,3916,,,,,,,,
,12:00,9365,4944,4421,,,,,,,,
,13:00,10410,5468,4942,,,,,,,,
,14:00,9755,5235,4520,,,,,,,,
,15:00,8850,4547,4303,,,,,,,,
,16:00,8604,4181,4423,,,,,,,,
,17:00,8557,4177,4380,,,,,,,,
,18:00,8961,4245,4716,,,,,,,,
,19:00,7757,3777,3980,,,,,,,,
,20:00,5903,2923,2980,,,,,,,,
,21:00,4449,2187,2262,,,,,,,,
,22:00,3076,1524,1552,,,,,,,,
,23:00,2109,899,1210,,,,,,,,
,Total,122020,61851,60169,,,,,,,,
Monday 8 May 2017,00:00,1529,462,1067,,,,,,,,
,01:00,720,223,497,,,,,,,,
,02:00,453,213,240,,,,,,,,
,03:00,656,419,237,,,,,,,,
,04:00,1564,1141,423,,,,,,,,
,05:00,2961,1838,1123,,,,,,,,
,06:00,6859,3474,3385,,,,,,,,
,07:00,11898,6216,5682,,,,,,,,
,08:00,10190,4999,5191,,,,,,,,
,09:00,10465,5946,4519,,,,,,,,
,10:00,8541,4436,4105,,,,,,,,
,11:00,8135,4023,4112,,,,,,,,
,12:00,8622,4192,4430,,,,,,,,
,13:00,8866,4464,4402,,,,,,,,
,14:00,9045,4569,4476,,,,,,,,
,15:00,9891,5015,4876,,,,,,,,
,16:00,12445,6162,6283,,,,,,,,
,17:00,12346,5877,6469,,,,,,,,
,18:00,9711,4919,4792,,,,,,,,
,19:00,6850,3456,3394,,,,,,,,
,20:00,4980,2261,2719,,,,,,,,
,21:00,3547,1607,1940,,,,,,,,
,22:00,2769,1223,1546,,,,,,,,
,23:00,1754,803,951,,,,,,,,
,Total,154797,77938,76859,,,,,,,,
Tuesday 9 May 2017,00:00,1398,465,933,,,,,,,,
,01:00,718,218,500,,,,,,,,
,02:00,397,197,200,,,,,,,,
,03:00,593,379,214,,,,,,,,
,04:00,1439,1024,415,,,,,,,,
,05:00,2672,1696,976,,,,,,,,
,06:00,6856,3339,3517,,,,,,,,
,07:00,12026,6156,5870,,,,,,,,
,08:00,11786,6557,5229,,,,,,,,
,09:00,9893,4969,4924,,,,,,,,
,10:00,8129,4151,3978,,,,,,,,
,11:00,7963,4105,3858,,,,,,,,
,12:00,8275,4218,4057,,,,,,,,
,13:00,8691,4313,4378,,,,,,,,
,14:00,9113,4659,4454,,,,,,,,
,15:00,10236,5142,5094,,,,,,,,
,16:00,12722,6180,6542,,,,,,,,
,17:00,12187,6049,6138,,,,,,,,
,18:00,10162,5007,5155,,,,,,,,
,19:00,6973,3527,3446,,,,,,,,
,20:00,5250,2308,2942,,,,,,,,
,21:00,4269,2014,2255,,,,,,,,
,22:00,2912,1292,1620,,,,,,,,
,23:00,2014,849,1165,,,,,,,,
,Total,156674,78814,77860,,,,,,,,
Wednesday 10 May 2017,00:00,1374,480,894,,,,,,,,
,01:00,663,204,459,,,,,,,,
,02:00,446,217,229,,,,,,,,
,03:00,638,414,224,,,,,,,,
,04:00,1442,977,465,,,,,,,,
,05:00,2541,1577,964,,,,,,,,
,06:00,6852,3360,3492,,,,,,,,
,07:00,12063,6207,5856,,,,,,,,
,08:00,9929,6440,3489,,,,,,,,
,09:00,10471,5179,5292,,,,,,,,
,10:00,8298,4198,4100,,,,,,,,
,11:00,8221,4289,3932,,,,,,,,
,12:00,8657,4363,4294,,,,,,,,
,13:00,9098,4547,4551,,,,,,,,
,14:00,9387,4863,4524,,,,,,,,
,15:00,10349,5191,5158,,,,,,,,
,16:00,12659,6304,6355,,,,,,,,
,17:00,12806,6232,6574,,,,,,,,
,18:00,10361,5118,5243,,,,,,,,
,19:00,7427,3801,3626,,,,,,,,
,20:00,5599,2666,2933,,,,,,,,
,21:00,4681,2167,2514,,,,,,,,
,22:00,3347,1484,1863,,,,,,,,
,23:00,2162,949,1213,,,,,,,,
,Total,159471,81227,78244,,,,,,,,
Thursday 11 May 2017,00:00,1310,434,876,,,,,,,,
,01:00,741,233,508,,,,,,,,
,02:00,425,224,201,,,,,,,,
,03:00,689,451,238,,,,,,,,
,04:00,1451,1017,434,,,,,,,,
,05:00,2457,1447,1010,,,,,,,,
,06:00,6841,3338,3503,,,,,,,,
,07:00,11597,6215,5382,,,,,,,,
,08:00,11701,6395,5306,,,,,,,,
,09:00,9895,5115,4780,,,,,,,,
,10:00,8629,4443,4186,,,,,,,,
,11:00,8437,4329,4108,,,,,,,,
,12:00,8999,4632,4367,,,,,,,,
,13:00,9205,4626,4579,,,,,,,,
,14:00,9474,4843,4631,,,,,,,,
,15:00,10730,5263,5467,,,,,,,,
,16:00,12466,6096,6370,,,,,,,,
,17:00,12302,6140,6162,,,,,,,,
,18:00,11038,5517,5521,,,,,,,,
,19:00,7952,3924,4028,,,,,,,,
,20:00,6044,2899,3145,,,,,,,,
,21:00,4650,2196,2454,,,,,,,,
,22:00,3408,1515,1893,,,,,,,,
,23:00,2233,1101,1132,,,,,,,,
,Total,162674,82393,80281,,,,,,,,
Friday 12 May 2017,00:00,1773,608,1165,,,,,,,,
,01:00,1048,292,756,,,,,,,,
,02:00,470,241,229,,,,,,,,
,03:00,741,492,249,,,,,,,,
,04:00,1563,1110,453,,,,,,,,
,05:00,2578,1515,1063,,,,,,,,
,06:00,6566,3302,3264,,,,,,,,
,07:00,11519,6083,5436,,,,,,,,
,08:00,11056,6144,4912,,,,,,,,
,09:00,8488,3972,4516,,,,,,,,
,10:00,8023,4006,4017,,,,,,,,
,11:00,8491,4204,4287,,,,,,,,
,12:00,10195,5330,4865,,,,,,,,
,13:00,10582,5274,5308,,,,,,,,
,14:00,11348,5552,5796,,,,,,,,
,15:00,11829,5860,5969,,,,,,,,
,16:00,12195,6040,6155,,,,,,,,
,17:00,10975,5515,5460,,,,,,,,
,18:00,9962,5147,4815,,,,,,,,
,19:00,8154,3937,4217,,,,,,,,
,20:00,6074,2829,3245,,,,,,,,
,21:00,4699,2292,2407,,,,,,,,
,22:00,3744,1746,1998,,,,,,,,
,23:00,2598,1099,1499,,,,,,,,
,Total,164671,82590,82081,,,,,,,,
Saturday 13 May 2017,00:00,1871,666,1205,,,,,,,,
,01:00,1204,413,791,,,,,,,,
,02:00,564,266,298,,,,,,,,
,03:00,783,489,294,,,,,,,,
,04:00,1422,1018,404,,,,,,,,
,05:00,1830,1138,692,,,,,,,,
,06:00,2669,1425,1244,,,,,,,,
,07:00,4208,2329,1879,,,,,,,,
,08:00,5573,2799,2774,,,,,,,,
,09:00,7693,3885,3808,,,,,,,,
,10:00,8139,4094,4045,,,,,,,,
,11:00,8786,4532,4254,,,,,,,,
,12:00,10071,4797,5274,,,,,,,,
,13:00,10751,5118,5633,,,,,,,,
,14:00,10544,5408,5136,,,,,,,,
,15:00,9420,4624,4796,,,,,,,,
,16:00,8941,4549,4392,,,,,,,,
,17:00,8745,4323,4422,,,,,,,,
,18:00,7936,4055,3881,,,,,,,,
,19:00,6578,3248,3330,,,,,,,,
,20:00,4976,2196,2780,,,,,,,,
,21:00,3588,1504,2084,,,,,,,,
,22:00,2559,1167,1392,,,,,,,,
,23:00,2326,1033,1293,,,,,,,,
,Total,131177,65076,66101,,,,,,,,
Sunday 14 May 2017,00:00,1873,789,1084,,,,,,,,
,01:00,1307,472,835,,,,,,,,
,02:00,669,320,349,,,,,,,,
,03:00,689,449,240,,,,,,,,
,04:00,1303,931,372,,,,,,,,
,05:00,1516,901,615,,,,,,,,
,06:00,1758,923,835,,,,,,,,
,07:00,2484,1396,1088,,,,,,,,
,08:00,3334,1719,1615,,,,,,,,
,09:00,5750,2842,2908,,,,,,,,
,10:00,4838,2335,2503,,,,,,,,
,11:00,7627,3805,3822,,,,,,,,
,12:00,8922,4392,4530,,,,,,,,
,13:00,9947,5001,4946,,,,,,,,
,14:00,9679,4991,4688,,,,,,,,
,15:00,9122,4599,4523,,,,,,,,
,16:00,9140,4707,4433,,,,,,,,
,17:00,8834,4525,4309,,,,,,,,
,18:00,8388,4346,4042,,,,,,,,
,19:00,7113,3600,3513,,,,,,,,
,20:00,5583,2726,2857,,,,,,,,
,21:00,4188,2047,2141,,,,,,,,
,22:00,2906,1418,1488,,,,,,,,
,23:00,2157,911,1246,,,,,,,,
,Total,119127,60145,58982,,,,,,,,
Monday 15 May 2017,00:00,1521,469,1052,,,,,,,,
,01:00,600,206,394,,,,,,,,
,02:00,422,199,223,,,,,,,,
,03:00,656,448,208,,,,,,,,
,04:00,1703,1226,477,,,,,,,,
,05:00,2947,1776,1171,,,,,,,,
,06:00,6548,3304,3244,,,,,,,,
,07:00,11069,5980,5089,,,,,,,,
,08:00,10491,6138,4353,,,,,,,,
,09:00,9903,4940,4963,,,,,,,,
,10:00,8433,4470,3963,,,,,,,,
,11:00,8109,4100,4009,,,,,,,,
,12:00,8722,4255,4467,,,,,,,,
,13:00,8744,4458,4286,,,,,,,,
,14:00,9134,4654,4480,,,,,,,,
,15:00,10137,5202,4935,,,,,,,,
,16:00,12426,6203,6223,,,,,,,,
,17:00,12610,6142,6468,,,,,,,,
,18:00,9841,4944,4897,,,,,,,,
,19:00,6786,3383,3403,,,,,,,,
,20:00,4768,2178,2590,,,,,,,,
,21:00,3685,1687,1998,,,,,,,,
,22:00,2615,1145,1470,,,,,,,,
,23:00,1875,773,1102,,,,,,,,
,Total,153745,78280,75465,,,,,,,,
Tuesday 16 May 2017,00:00,1434,480,954,,,,,,,,
,01:00,781,223,558,,,,,,,,
,02:00,408,225,183,,,,,,,,
,03:00,692,467,225,,,,,,,,
,04:00,1541,1077,464,,,,,,,,
,05:00,2699,1648,1051,,,,,,,,
,06:00,6980,3538,3442,,,,,,,,
,07:00,12124,6264,5860,,,,,,,,
,08:00,11537,6415,5122,,,,,,,,
,09:00,10035,5171,4864,,,,,,,,
,10:00,8250,4190,4060,,,,,,,,
,11:00,8139,4297,3842,,,,,,,,
,12:00,8411,4171,4240,,,,,,,,
,13:00,8656,4316,4340,,,,,,,,
,14:00,8947,4554,4393,,,,,,,,
,15:00,10238,5106,5132,,,,,,,,
,16:00,11430,6150,5280,,,,,,,,
,17:00,11768,6068,5700,,,,,,,,
,18:00,10551,5210,5341,,,,,,,,
,19:00,6990,3482,3508,,,,,,,,
,20:00,5112,2471,2641,,,,,,,,
,21:00,4218,1898,2320,,,,,,,,
,22:00,3231,1420,1811,,,,,,,,
,23:00,2177,932,1245,,,,,,,,
,Total,156349,79773,76576,,,,,,,,
Wednesday 17 May 2017,00:00,1443,516,927,,,,,,,,
,01:00,748,273,475,,,,,,,,
,02:00,457,219,238,,,,,,,,
,03:00,704,449,255,,,,,,,,
,04:00,1527,1060,467,,,,,,,,
,05:00,2619,1593,1026,,,,,,,,
,06:00,6922,3518,3404,,,,,,,,
,07:00,11960,6443,5517,,,,,,,,
,08:00,11481,6207,5274,,,,,,,,
,09:00,10174,5143,5031,,,,,,,,
,10:00,8644,4372,4272,,,,,,,,
,11:00,8493,4369,4124,,,,,,,,
,12:00,8719,4340,4379,,,,,,,,
,13:00,9361,4782,4579,,,,,,,,
,14:00,9514,4748,4766,,,,,,,,
,15:00,10495,5320,5175,,,,,,,,
,16:00,12771,6351,6420,,,,,,,,
,17:00,12046,5533,6513,,,,,,,,
,18:00,10621,5588,5033,,,,,,,,
,19:00,7698,3928,3770,,,,,,,,
,20:00,5491,2650,2841,,,,,,,,
,21:00,4656,2152,2504,,,,,,,,
,22:00,3217,1425,1792,,,,,,,,
,23:00,2202,974,1228,,,,,,,,
,Total,161963,81953,80010,,,,,,,,
Thursday 18 May 2017,00:00,1428,533,895,,,,,,,,
,01:00,883,238,645,,,,,,,,
,02:00,471,227,244,,,,,,,,
,03:00,667,442,225,,,,,,,,
,04:00,1508,1057,451,,,,,,,,
,05:00,2629,1593,1036,,,,,,,,
,06:00,6786,3356,3430,,,,,,,,
,07:00,11997,6226,5771,,,,,,,,
,08:00,11345,6225,5120,,,,,,,,
,09:00,10197,5272,4925,,,,,,,,
,10:00,8519,4407,4112,,,,,,,,
,11:00,8437,4315,4122,,,,,,,,
,12:00,8929,4422,4507,,,,,,,,
,13:00,9195,4585,4610,,,,,,,,
,14:00,9517,4860,4657,,,,,,,,
,15:00,10685,5319,5366,,,,,,,,
,16:00,12812,6299,6513,,,,,,,,
,17:00,12190,6022,6168,,,,,,,,
,18:00,10176,4909,5267,,,,,,,,
,19:00,8349,4280,4069,,,,,,,,
,20:00,5934,2922,3012,,,,,,,,
,21:00,4807,2269,2538,,,,,,,,
,22:00,3593,1616,1977,,,,,,,,
,23:00,2353,1088,1265,,,,,,,,
,Total,163407,82482,80925,,,,,,,,
Friday 19 May 2017,00:00,1787,658,1129,,,,,,,,
,01:00,1086,337,749,,,,,,,,
,02:00,540,252,288,,,,,,,,
,03:00,792,510,282,,,,,,,,
,04:00,1655,1149,506,,,,,,,,
,05:00,2658,1547,1111,,,,,,,,
,06:00,6562,3363,3199,,,,,,,,
,07:00,11670,6223,5447,,,,,,,,
,08:00,10907,5868,5039,,,,,,,,
,09:00,9627,4875,4752,,,,,,,,
,10:00,8612,4411,4201,,,,,,,,
,11:00,8884,4435,4449,,,,,,,,
,12:00,9875,4951,4924,,,,,,,,
,13:00,9742,5263,4479,,,,,,,,
,14:00,11333,5417,5916,,,,,,,,
,15:00,12158,6146,6012,,,,,,,,
,16:00,12709,6207,6502,,,,,,,,
,17:00,11702,5889,5813,,,,,,,,
,18:00,9707,4859,4848,,,,,,,,
,19:00,7877,3874,4003,,,,,,,,
,20:00,6078,2882,3196,,,,,,,,
,21:00,4615,2234,2381,,,,,,,,
,22:00,3588,1603,1985,,,,,,,,
,23:00,2699,1208,1491,,,,,,,,
,Total,166863,84161,82702,,,,,,,,
Saturday 20 May 2017,00:00,1964,735,1229,,,,,,,,
,01:00,1092,382,710,,,,,,,,
,02:00,645,322,323,,,,,,,,
,03:00,839,518,321,,,,,,,,
,04:00,1431,1014,417,,,,,,,,
,05:00,1849,1106,743,,,,,,,,
,06:00,2669,1509,1160,,,,,,,,
,07:00,4253,2431,1822,,,,,,,,
,08:00,5697,2857,2840,,,,,,,,
,09:00,7547,3877,3670,,,,,,,,
,10:00,8445,4300,4145,,,,,,,,
,11:00,9232,4682,4550,,,,,,,,
,12:00,10220,5079,5141,,,,,,,,
,13:00,11242,5731,5511,,,,,,,,
,14:00,10641,5132,5509,,,,,,,,
,15:00,9907,4685,5222,,,,,,,,
,16:00,9100,4456,4644,,,,,,,,
,17:00,9034,4330,4704,,,,,,,,
,18:00,7929,3863,4066,,,,,,,,
,19:00,6626,3230,3396,,,,,,,,
,20:00,5052,2470,2582,,,,,,,,
,21:00,3566,1677,1889,,,,,,,,
,22:00,2521,1240,1281,,,,,,,,
,23:00,2419,1112,1307,,,,,,,,
,Total,133920,66738,67182,,,,,,,,
Sunday 21 May 2017,00:00,2055,772,1283,,,,,,,,
,01:00,1324,507,817,,,,,,,,
,02:00,805,336,469,,,,,,,,
,03:00,808,511,297,,,,,,,,
,04:00,1389,999,390,,,,,,,,
,05:00,1629,1015,614,,,,,,,,
,06:00,1691,1014,677,,,,,,,,
,07:00,2519,1429,1090,,,,,,,,
,08:00,3219,1725,1494,,,,,,,,
,09:00,5001,2655,2346,,,,,,,,
,10:00,6494,3236,3258,,,,,,,,
,11:00,8039,4119,3920,,,,,,,,
,12:00,9505,4697,4808,,,,,,,,
,13:00,10392,5362,5030,,,,,,,,
,14:00,10327,5282,5045,,,,,,,,
,15:00,9450,4717,4733,,,,,,,,
,16:00,8839,4434,4405,,,,,,,,
,17:00,8998,4586,4412,,,,,,,,
,18:00,8248,4153,4095,,,,,,,,
,19:00,7019,3472,3547,,,,,,,,
,20:00,5373,2730,2643,,,,,,,,
,21:00,4022,2098,1924,,,,,,,,
,22:00,3088,1353,1735,,,,,,,,
,23:00,2179,887,1292,,,,,,,,
,Total,122413,62089,60324,,,,,,,,
Monday 22 May 2017,00:00,1557,475,1082,,,,,,,,
,01:00,656,232,424,,,,,,,,
,02:00,399,199,200,,,,,,,,
,03:00,671,449,222,,,,,,,,
,04:00,1799,1316,483,,,,,,,,
,05:00,3005,1780,1225,,,,,,,,
,06:00,6894,3482,3412,,,,,,,,
,07:00,12043,6325,5718,,,,,,,,
,08:00,11384,6335,5049,,,,,,,,
,09:00,9682,5127,4555,,,,,,,,
,10:00,8369,4251,4118,,,,,,,,
,11:00,8079,4079,4000,,,,,,,,
,12:00,8614,4335,4279,,,,,,,,
,13:00,8866,4444,4422,,,,,,,,
,14:00,9317,4527,4790,,,,,,,,
,15:00,9717,4660,5057,,,,,,,,
,16:00,12639,6336,6303,,,,,,,,
,17:00,12329,6123,6206,,,,,,,,
,18:00,9713,4887,4826,,,,,,,,
,19:00,6677,3289,3388,,,,,,,,
,20:00,4913,2266,2647,,,,,,,,
,21:00,3896,1790,2106,,,,,,,,
,22:00,2663,1261,1402,,,,,,,,
,23:00,1948,908,1040,,,,,,,,
,Total,155830,78876,76954,,,,,,,,
Tuesday 23 May 2017,00:00,1399,478,921,,,,,,,,
,01:00,729,209,520,,,,,,,,
,02:00,450,215,235,,,,,,,,
,03:00,684,478,206,,,,,,,,
,04:00,1621,1147,474,,,,,,,,
,05:00,2733,1677,1056,,,,,,,,
,06:00,6951,3496,3455,,,,,,,,
,07:00,11970,6154,5816,,,,,,,,
,08:00,11638,6377,5261,,,,,,,,
,09:00,9961,5264,4697,,,,,,,,
,10:00,8376,4308,4068,,,,,,,,
,11:00,8254,4130,4124,,,,,,,,
,12:00,8593,4348,4245,,,,,,,,
,13:00,8874,4381,4493,,,,,,,,
,14:00,9133,4587,4546,,,,,,,,
,15:00,10147,5117,5030,,,,,,,,
,16:00,12639,6108,6531,,,,,,,,
,17:00,12614,6252,6362,,,,,,,,
,18:00,10126,5413,4713,,,,,,,,
,19:00,7203,3617,3586,,,,,,,,
,20:00,5106,2392,2714,,,,,,,,
,21:00,4411,1960,2451,,,,,,,,
,22:00,3299,1380,1919,,,,,,,,
,23:00,2253,915,1338,,,,,,,,
,Total,159164,80403,78761,,,,,,,,
Wednesday 24 May 2017,00:00,1534,519,1015,,,,,,,,
,01:00,807,283,524,,,,,,,,
,02:00,496,246,250,,,,,,,,
,03:00,792,500,292,,,,,,,,
,04:00,1558,1089,469,,,,,,,,
,05:00,2671,1574,1097,,,,,,,,
,06:00,6785,3434,3351,,,,,,,,
,07:00,12106,6378,5728,,,,,,,,
,08:00,11251,6176,5075,,,,,,,,
,09:00,10318,5179,5139,,,,,,,,
,10:00,8233,4197,4036,,,,,,,,
,11:00,8419,4312,4107,,,,,,,,
,12:00,8789,4452,4337,,,,,,,,
,13:00,9288,4661,4627,,,,,,,,
,14:00,9511,4755,4756,,,,,,,,
,15:00,10824,5309,5515,,,,,,,,
,16:00,12460,6034,6426,,,,,,,,
,17:00,10402,4821,5581,,,,,,,,
,18:00,11100,5779,5321,,,,,,,,
,19:00,8119,4365,3754,,,,,,,,
,20:00,5322,2544,2778,,,,,,,,
,21:00,4400,2076,2324,,,,,,,,
,22:00,3465,1498,1967,,,,,,,,
,23:00,2417,1060,1357,,,,,,,,
,Total,161067,81241,79826,,,,,,,,
Thursday 25 May 2017,00:00,1699,541,1158,,,,,,,,
,01:00,811,277,534,,,,,,,,
,02:00,491,230,261,,,,,,,,
,03:00,787,514,273,,,,,,,,
,04:00,1484,1026,458,,,,,,,,
,05:00,2509,1471,1038,,,,,,,,
,06:00,6732,3354,3378,,,,,,,,
,07:00,11493,6115,5378,,,,,,,,
,08:00,10426,5838,4588,,,,,,,,
,09:00,10449,5254,5195,,,,,,,,
,10:00,8814,4549,4265,,,,,,,,
,11:00,8574,4370,4204,,,,,,,,
,12:00,9183,4580,4603,,,,,,,,
,13:00,9546,4698,4848,,,,,,,,
,14:00,9969,5119,4850,,,,,,,,
,15:00,10988,5578,5410,,,,,,,,
,16:00,12294,6089,6205,,,,,,,,
,17:00,11360,5211,6149,,,,,,,,
,18:00,10303,5058,5245,,,,,,,,
,19:00,7886,3729,4157,,,,,,,,
,20:00,5943,2796,3147,,,,,,,,
,21:00,5116,2389,2727,,,,,,,,
,22:00,3634,1748,1886,,,,,,,,
,23:00,2566,1180,1386,,,,,,,,
,Total,163057,81714,81343,,,,,,,,
Friday 26 May 2017,00:00,1899,704,1195,,,,,,,,
,01:00,1136,341,795,,,,,,,,
,02:00,605,268,337,,,,,,,,
,03:00,870,591,279,,,,,,,,
,04:00,1683,1193,490,,,,,,,,
,05:00,2745,1610,1135,,,,,,,,
,06:00,6500,3351,3149,,,,,,,,
,07:00,11585,6091,5494,,,,,,,,
,08:00,10824,5817,5007,,,,,,,,
,09:00,9469,4736,4733,,,,,,,,
,10:00,8788,4461,4327,,,,,,,,
,11:00,9240,4747,4493,,,,,,,,
,12:00,10157,5121,5036,,,,,,,,
,13:00,10574,5277,5297,,,,,,,,
,14:00,11510,5693,5817,,,,,,,,
,15:00,12497,6172,6325,,,,,,,,
,16:00,12281,6380,5901,,,,,,,,
,17:00,11856,5980,5876,,,,,,,,
,18:00,9613,4772,4841,,,,,,,,
,19:00,8044,4031,4013,,,,,,,,
,20:00,6063,2917,3146,,,,,,,,
,21:00,4895,2371,2524,,,,,,,,
,22:00,3814,1792,2022,,,,,,,,
,23:00,2983,1337,1646,,,,,,,,
,Total,169631,85753,83878,,,,,,,,
Saturday 27 May 2017,00:00,2219,836,1383,,,,,,,,
,01:00,1211,513,698,,,,,,,,
,02:00,760,357,403,,,,,,,,
,03:00,892,537,355,,,,,,,,
,04:00,1543,1104,439,,,,,,,,
,05:00,1967,1116,851,,,,,,,,
,06:00,2744,1402,1342,,,,,,,,
,07:00,4180,2351,1829,,,,,,,,
,08:00,5441,2989,2452,,,,,,,,
,09:00,7203,3763,3440,,,,,,,,
,10:00,7814,4024,3790,,,,,,,,
,11:00,8763,4485,4278,,,,,,,,
,12:00,9725,4918,4807,,,,,,,,
,13:00,10182,4937,5245,,,,,,,,
,14:00,10095,5174,4921,,,,,,,,
,15:00,9625,5026,4599,,,,,,,,
,16:00,9131,4791,4340,,,,,,,,
,17:00,8126,4012,4114,,,,,,,,
,18:00,7060,3550,3510,,,,,,,,
,19:00,5953,3097,2856,,,,,,,,
,20:00,4455,2079,2376,,,,,,,,
,21:00,3200,1372,1828,,,,,,,,
,22:00,2557,1211,1346,,,,,,,,
,23:00,2747,1071,1676,,,,,,,,
,Total,127593,64715,62878,,,,,,,,
Sunday 28 May 2017,00:00,2422,831,1591,,,,,,,,
,01:00,2202,555,1647,,,,,,,,
,02:00,1218,434,784,,,,,,,,
,03:00,1050,605,445,,,,,,,,
,04:00,1449,1023,426,,,,,,,,
,05:00,1538,892,646,,,,,,,,
,06:00,1721,918,803,,,,,,,,
,07:00,2483,1398,1085,,,,,,,,
,08:00,3342,1645,1697,,,,,,,,
,09:00,5038,2438,2600,,,,,,,,
,10:00,6393,3092,3301,,,,,,,,
,11:00,7956,3726,4230,,,,,,,,
,12:00,9412,4426,4986,,,,,,,,
,13:00,10154,4935,5219,,,,,,,,
,14:00,9931,5005,4926,,,,,,,,
,15:00,9240,4667,4573,,,,,,,,
,16:00,9096,4523,4573,,,,,,,,
,17:00,8886,4333,4553,,,,,,,,
,18:00,8607,4529,4078,,,,,,,,
,19:00,7245,3744,3501,,,,,,,,
,20:00,5567,2832,2735,,,,,,,,
,21:00,3881,1923,1958,,,,,,,,
,22:00,3099,1353,1746,,,,,,,,
,23:00,2077,936,1141,,,,,,,,
,Total,124007,60763,63244,,,,,,,,
Monday 29 May 2017,00:00,1584,481,1103,,,,,,,,
,01:00,904,307,597,,,,,,,,
,02:00,534,236,298,,,,,,,,
,03:00,740,493,247,,,,,,,,
,04:00,1632,1155,477,,,,,,,,
,05:00,2823,1611,1212,,,,,,,,
,06:00,6604,3332,3272,,,,,,,,
,07:00,11197,5789,5408,,,,,,,,
,08:00,10757,5913,4844,,,,,,,,
,09:00,10266,5485,4781,,,,,,,,
,10:00,8354,4272,4082,,,,,,,,
,11:00,8393,4317,4076,,,,,,,,
,12:00,8941,4558,4383,,,,,,,,
,13:00,9336,4695,4641,,,,,,,,
,14:00,9284,4584,4700,,,,,,,,
,15:00,10468,5357,5111,,,,,,,,
,16:00,12225,5795,6430,,,,,,,,
,17:00,12278,5824,6454,,,,,,,,
,18:00,10117,5583,4534,,,,,,,,
,19:00,6774,3406,3368,,,,,,,,
,20:00,4754,2327,2427,,,,,,,,
,21:00,3819,1752,2067,,,,,,,,
,22:00,2647,1189,1458,,,,,,,,
,23:00,1842,866,976,,,,,,,,
,Total,156273,79327,76946,,,,,,,,
Tuesday 30 May 2017,00:00,1547,517,1030,,,,,,,,
,01:00,752,266,486,,,,,,,,
,02:00,529,227,302,,,,,,,,
,03:00,718,499,219,,,,,,,,
,04:00,1759,1256,503,,,,,,,,
,05:00,3073,1879,1194,,,,,,,,
,06:00,6933,3473,3460,,,,,,,,
,07:00,11937,6319,5618,,,,,,,,
,08:00,11375,6081,5294,,,,,,,,
,09:00,9970,5211,4759,,,,,,,,
,10:00,8692,4599,4093,,,,,,,,
,11:00,8328,4264,4064,,,,,,,,
,12:00,8514,4287,4227,,,,,,,,
,13:00,8895,4450,4445,,,,,,,,
,14:00,9261,4695,4566,,,,,,,,
,15:00,10458,5221,5237,,,,,,,,
,16:00,12666,6175,6491,,,,,,,,
,17:00,12147,5976,6171,,,,,,,,
,18:00,10359,5370,4989,,,,,,,,
,19:00,7342,3741,3601,,,,,,,,
,20:00,5181,2440,2741,,,,,,,,
,21:00,4093,1899,2194,,,,,,,,
,22:00,3355,1528,1827,,,,,,,,
,23:00,2282,983,1299,,,,,,,,
,Total,160166,81356,78810,,,,,,,,
Wednesday 31 May 2017,00:00,1657,580,1077,,,,,,,,
,01:00,929,306,623,,,,,,,,
,02:00,579,282,297,,,,,,,,
,03:00,828,529,299,,,,,,,,
,04:00,1703,1217,486,,,,,,,,
,05:00,2720,1623,1097,,,,,,,,
,06:00,6784,3421,3363,,,,,,,,
,07:00,11921,6364,5557,,,,,,,,
,08:00,11478,6275,5203,,,,,,,,
,09:00,10023,5264,4759,,,,,,,,
,10:00,8781,4623,4158,,,,,,,,
,11:00,8525,4388,4137,,,,,,,,
,12:00,9192,4497,4695,,,,,,,,
,13:00,9404,4676,4728,,,,,,,,
,14:00,9473,4839,4634,,,,,,,,
,15:00,10568,5237,5331,,,,,,,,
,16:00,13048,6345,6703,,,,,,,,
,17:00,12380,6121,6259,,,,,,,,
,18:00,10808,5416,5392,,,,,,,,
,19:00,7773,3810,3963,,,,,,,,
,20:00,5746,2846,2900,,,,,,,,
,21:00,4825,2206,2619,,,,,,,,
,22:00,3303,1535,1768,,,,,,,,
,23:00,2294,1058,1236,,,,,,,,
,Total,164742,83458,81284,,,,,,,,