day,month,time,location,direction,volume
3,11,0,Example,0,382
3,11,0,Example,1,794
3,11,100,Example,0,257
3,11,100,Example,1,351
3,11,200,Example,0,248
3,11,200,Example,1,258
3,11,300,Example,0,454
3,11,300,Example,1,302
3,11,400,Example,0,1184
3,11,400,Example,1,523
3,11,500,Example,0,1611
3,11,500,Example,1,1188
3,11,600,Example,0,3419
3,11,600,Example,1,3483
3,11,700,Example,0,6177
3,11,700,Example,1,5639
3,11,800,Example,0,6246
3,11,800,Example,1,4639
3,11,900,Example,0,4748
3,11,900,Example,1,4583
3,11,1000,Example,0,4615
3,11,1000,Example,1,4529
3,11,1100,Example,0,4708
3,11,1100,Example,1,4571
3,11,1200,Example,0,5112
3,11,1200,Example,1,4895
3,11,1300,Example,0,4967
3,11,1300,Example,1,4972
3,11,1400,Example,0,5202
3,11,1400,Example,1,5069
3,11,1500,Example,0,5484
3,11,1500,Example,1,5470
3,11,1600,Example,0,6281
3,11,1600,Example,1,5787
3,11,1700,Example,0,5768
3,11,1700,Example,1,5998
3,11,1800,Example,0,5272
3,11,1800,Example,1,5597
3,11,1900,Example,0,3983
3,11,1900,Example,1,3760
3,11,2000,Example,0,2534
3,11,2000,Example,1,2773
3,11,2100,Example,0,1872
3,11,2100,Example,1,2349
3,11,2200,Example,0,1391
3,11,2200,Example,1,1603
3,11,2300,Example,0,782
3,11,2300,Example,1,1073
4,11,0,Example,0,350
4,11,0,Example,1,949
4,11,100,Example,0,195
4,11,100,Example,1,296
4,11,200,Example,0,233
4,11,200,Example,1,217
4,11,300,Example,0,424
4,11,300,Example,1,238
4,11,400,Example,0,1115
4,11,400,Example,1,477
4,11,500,Example,0,1627
4,11,500,Example,1,1150
4,11,600,Example,0,3387
4,11,600,Example,1,3467
4,11,700,Example,0,6115
4,11,700,Example,1,3966
4,11,800,Example,0,6057
4,11,800,Example,1,4546
4,11,900,Example,0,4812
4,11,900,Example,1,4667
4,11,1000,Example,0,4817
4,11,1000,Example,1,4436
4,11,1100,Example,0,4693
4,11,1100,Example,1,4480
4,11,1200,Example,0,5065
4,11,1200,Example,1,5038
4,11,1300,Example,0,5076
4,11,1300,Example,1,4886
4,11,1400,Example,0,5276
4,11,1400,Example,1,5058
4,11,1500,Example,0,5590
4,11,1500,Example,1,5724
4,11,1600,Example,0,6345
4,11,1600,Example,1,6475
4,11,1700,Example,0,5879
4,11,1700,Example,1,6214
4,11,1800,Example,0,5538
4,11,1800,Example,1,5218
4,11,1900,Example,0,3828
4,11,1900,Example,1,4156
4,11,2000,Example,0,2693
4,11,2000,Example,1,3001
4,11,2100,Example,0,2103
4,11,2100,Example,1,2491
4,11,2200,Example,0,1528
4,11,2200,Example,1,1742
4,11,2300,Example,0,814
4,11,2300,Example,1,1460
5,11,0,Example,0,431
5,11,0,Example,1,892
5,11,100,Example,0,252
5,11,100,Example,1,368
5,11,200,Example,0,254
5,11,200,Example,1,250
5,11,300,Example,0,466
5,11,300,Example,1,282
5,11,400,Example,0,1042
5,11,400,Example,1,510
5,11,500,Example,0,1557
5,11,500,Example,1,1079
5,11,600,Example,0,3453
5,11,600,Example,1,3278
5,11,700,Example,0,6017
5,11,700,Example,1,5265
5,11,800,Example,0,5438
5,11,800,Example,1,4636
5,11,900,Example,0,4762
5,11,900,Example,1,4316
5,11,1000,Example,0,4862
5,11,1000,Example,1,4439
5,11,1100,Example,0,5034
5,11,1100,Example,1,4780
5,11,1200,Example,0,5305
5,11,1200,Example,1,5419
5,11,1300,Example,0,5611
5,11,1300,Example,1,5409
5,11,1400,Example,0,5772
5,11,1400,Example,1,5164
5,11,1500,Example,0,4538
5,11,1500,Example,1,3890
5,11,1600,Example,0,5829
5,11,1600,Example,1,4634
5,11,1700,Example,0,5615
5,11,1700,Example,1,6129
5,11,1800,Example,0,5196
5,11,1800,Example,1,5237
5,11,1900,Example,0,4278
5,11,1900,Example,1,4107
5,11,2000,Example,0,2588
5,11,2000,Example,1,3074
5,11,2100,Example,0,1961
5,11,2100,Example,1,2454
5,11,2200,Example,0,1424
5,11,2200,Example,1,1855
5,11,2300,Example,0,896
5,11,2300,Example,1,1422
6,11,0,Example,0,516
6,11,0,Example,1,1002
6,11,100,Example,0,373
6,11,100,Example,1,404
6,11,200,Example,0,293
6,11,200,Example,1,254
6,11,300,Example,0,472
6,11,300,Example,1,342
6,11,400,Example,0,916
6,11,400,Example,1,442
6,11,500,Example,0,1007
6,11,500,Example,1,833
6,11,600,Example,0,1513
6,11,600,Example,1,1352
6,11,700,Example,0,2394
6,11,700,Example,1,1978
6,11,800,Example,0,2790
6,11,800,Example,1,2604
6,11,900,Example,0,3784
6,11,900,Example,1,3425
6,11,1000,Example,0,4471
6,11,1000,Example,1,4112
6,11,1100,Example,0,4909
6,11,1100,Example,1,4589
6,11,1200,Example,0,5198
6,11,1200,Example,1,5446
6,11,1300,Example,0,5344
6,11,1300,Example,1,5447
6,11,1400,Example,0,4934
6,11,1400,Example,1,3708
6,11,1500,Example,0,4441
6,11,1500,Example,1,3396
6,11,1600,Example,0,4566
6,11,1600,Example,1,5061
6,11,1700,Example,0,4286
6,11,1700,Example,1,4580
6,11,1800,Example,0,3718
6,11,1800,Example,1,3696
6,11,1900,Example,0,2822
6,11,1900,Example,1,2896
6,11,2000,Example,0,1948
6,11,2000,Example,1,2136
6,11,2100,Example,0,1340
6,11,2100,Example,1,1513
6,11,2200,Example,0,1017
6,11,2200,Example,1,1281
6,11,2300,Example,0,821
6,11,2300,Example,1,1139
7,11,0,Example,0,544
7,11,0,Example,1,1062
7,11,100,Example,0,424
7,11,100,Example,1,471
7,11,200,Example,0,316
7,11,200,Example,1,263
7,11,300,Example,0,399
7,11,300,Example,1,265
7,11,400,Example,0,778
7,11,400,Example,1,365
7,11,500,Example,0,763
7,11,500,Example,1,664
7,11,600,Example,0,827
7,11,600,Example,1,692
7,11,700,Example,0,1311
7,11,700,Example,1,1056
7,11,800,Example,0,1593
7,11,800,Example,1,1403
7,11,900,Example,0,2592
7,11,900,Example,1,2251
7,11,1000,Example,0,3306
7,11,1000,Example,1,3179
7,11,1100,Example,0,3891
7,11,1100,Example,1,3904
7,11,1200,Example,0,4897
7,11,1200,Example,1,4680
7,11,1300,Example,0,5360
7,11,1300,Example,1,5052
7,11,1400,Example,0,5080
7,11,1400,Example,1,5078
7,11,1500,Example,0,4782
7,11,1500,Example,1,4914
7,11,1600,Example,0,4787
7,11,1600,Example,1,4627
7,11,1700,Example,0,4440
7,11,1700,Example,1,4426
7,11,1800,Example,0,4210
7,11,1800,Example,1,3861
7,11,1900,Example,0,3218
7,11,1900,Example,1,3358
7,11,2000,Example,0,2546
7,11,2000,Example,1,2423
7,11,2100,Example,0,1803
7,11,2100,Example,1,1977
7,11,2200,Example,0,1128
7,11,2200,Example,1,1650
7,11,2300,Example,0,663
7,11,2300,Example,1,1055
1,11,0,Example,0,342
1,11,0,Example,1,759
1,11,100,Example,0,199
1,11,100,Example,1,246
1,11,200,Example,0,185
1,11,200,Example,1,149
1,11,300,Example,0,374
1,11,300,Example,1,214
1,11,400,Example,0,1185
1,11,400,Example,1,417
1,11,500,Example,0,1772
1,11,500,Example,1,1317
1,11,600,Example,0,3402
1,11,600,Example,1,3723
1,11,700,Example,0,6060
1,11,700,Example,1,6012
1,11,800,Example,0,6219
1,11,800,Example,1,4877
1,11,900,Example,0,5412
1,11,900,Example,1,4689
1,11,1000,Example,0,4521
1,11,1000,Example,1,3970
1,11,1100,Example,0,4309
1,11,1100,Example,1,4076
1,11,1200,Example,0,4315
1,11,1200,Example,1,4381
1,11,1300,Example,0,4618
1,11,1300,Example,1,4563
1,11,1400,Example,0,4604
1,11,1400,Example,1,4510
1,11,1500,Example,0,5150
1,11,1500,Example,1,5258
1,11,1600,Example,0,6301
1,11,1600,Example,1,6232
1,11,1700,Example,0,5881
1,11,1700,Example,1,5831
1,11,1800,Example,0,4862
1,11,1800,Example,1,4862
1,11,1900,Example,0,3261
1,11,1900,Example,1,3338
1,11,2000,Example,0,2154
1,11,2000,Example,1,2444
1,11,2100,Example,0,1549
1,11,2100,Example,1,2013
1,11,2200,Example,0,1154
1,11,2200,Example,1,1416
1,11,2300,Example,0,652
1,11,2300,Example,1,1209
2,11,0,Example,0,372
2,11,0,Example,1,819
2,11,100,Example,0,201
2,11,100,Example,1,286
2,11,200,Example,0,210
2,11,200,Example,1,179
2,11,300,Example,0,418
2,11,300,Example,1,242
2,11,400,Example,0,1093
2,11,400,Example,1,460
2,11,500,Example,0,1628
2,11,500,Example,1,1112
2,11,600,Example,0,3401
2,11,600,Example,1,3642
2,11,700,Example,0,6173
2,11,700,Example,1,4924
2,11,800,Example,0,6035
2,11,800,Example,1,5210
2,11,900,Example,0,5541
2,11,900,Example,1,4930
2,11,1000,Example,0,4637
2,11,1000,Example,1,4294
2,11,1100,Example,0,4274
2,11,1100,Example,1,4162
2,11,1200,Example,0,4329
2,11,1200,Example,1,4056
2,11,1300,Example,0,4669
2,11,1300,Example,1,4412
2,11,1400,Example,0,4614
2,11,1400,Example,1,4579
2,11,1500,Example,0,5314
2,11,1500,Example,1,5308
2,11,1600,Example,0,6222
2,11,1600,Example,1,5712
2,11,1700,Example,0,5727
2,11,1700,Example,1,6106
2,11,1800,Example,0,4837
2,11,1800,Example,1,4918
2,11,1900,Example,0,4013
2,11,1900,Example,1,3738
2,11,2000,Example,0,2375
2,11,2000,Example,1,2607
2,11,2100,Example,0,1787
2,11,2100,Example,1,2110
2,11,2200,Example,0,1364
2,11,2200,Example,1,1532
2,11,2300,Example,0,788
2,11,2300,Example,1,1158
3,11,0,Example,0,364
3,11,0,Example,1,768
3,11,100,Example,0,217
3,11,100,Example,1,322
3,11,200,Example,0,202
3,11,200,Example,1,213
3,11,300,Example,0,359
3,11,300,Example,1,235
3,11,400,Example,0,882
3,11,400,Example,1,450
3,11,500,Example,0,1488
3,11,500,Example,1,1012
3,11,600,Example,0,3287
3,11,600,Example,1,3434
3,11,700,Example,0,5981
3,11,700,Example,1,5503
3,11,800,Example,0,6123
3,11,800,Example,1,4424
3,11,900,Example,0,5339
3,11,900,Example,1,5002
3,11,1000,Example,0,4503
3,11,1000,Example,1,4175
3,11,1100,Example,0,4325
3,11,1100,Example,1,4076
3,11,1200,Example,0,4347
3,11,1200,Example,1,4489
3,11,1300,Example,0,4723
3,11,1300,Example,1,4636
3,11,1400,Example,0,4854
3,11,1400,Example,1,4682
3,11,1500,Example,0,5339
3,11,1500,Example,1,5283
3,11,1600,Example,0,6009
3,11,1600,Example,1,6005
3,11,1700,Example,0,5707
3,11,1700,Example,1,5194
3,11,1800,Example,0,5378
3,11,1800,Example,1,5393
3,11,1900,Example,0,3987
3,11,1900,Example,1,3698
3,11,2000,Example,0,2527
3,11,2000,Example,1,2703
3,11,2100,Example,0,2014
3,11,2100,Example,1,2343
3,11,2200,Example,0,1338
3,11,2200,Example,1,1606
3,11,2300,Example,0,777
3,11,2300,Example,1,1000
4,11,0,Example,0,387
4,11,0,Example,1,725
4,11,100,Example,0,205
4,11,100,Example,1,266
4,11,200,Example,0,199
4,11,200,Example,1,228
4,11,300,Example,0,390
4,11,300,Example,1,231
4,11,400,Example,0,1004
4,11,400,Example,1,425
4,11,500,Example,0,1528
4,11,500,Example,1,1153
4,11,600,Example,0,3373
4,11,600,Example,1,3556
4,11,700,Example,0,6225
4,11,700,Example,1,4856
4,11,800,Example,0,6158
4,11,800,Example,1,4617
4,11,900,Example,0,5147
4,11,900,Example,1,5223
4,11,1000,Example,0,4554
4,11,1000,Example,1,4156
4,11,1100,Example,0,4362
4,11,1100,Example,1,4163
4,11,1200,Example,0,4452
4,11,1200,Example,1,4489
4,11,1300,Example,0,4707
4,11,1300,Example,1,4615
4,11,1400,Example,0,4847
4,11,1400,Example,1,4705
4,11,1500,Example,0,5440
4,11,1500,Example,1,5580
4,11,1600,Example,0,6321
4,11,1600,Example,1,6012
4,11,1700,Example,0,5869
4,11,1700,Example,1,5638
4,11,1800,Example,0,5248
4,11,1800,Example,1,5475
4,11,1900,Example,0,3797
4,11,1900,Example,1,3952
4,11,2000,Example,0,2733
4,11,2000,Example,1,2910
4,11,2100,Example,0,2118
4,11,2100,Example,1,2514
4,11,2200,Example,0,1524
4,11,2200,Example,1,1790
4,11,2300,Example,0,904
4,11,2300,Example,1,1410
5,11,0,Example,0,459
5,11,0,Example,1,743
5,11,100,Example,0,231
5,11,100,Example,1,333
5,11,200,Example,0,238
5,11,200,Example,1,253
5,11,300,Example,0,444
5,11,300,Example,1,243
5,11,400,Example,0,1018
5,11,400,Example,1,433
5,11,500,Example,0,1566
5,11,500,Example,1,1066
5,11,600,Example,0,3461
5,11,600,Example,1,3428
5,11,700,Example,0,6233
5,11,700,Example,1,5427
5,11,800,Example,0,5309
5,11,800,Example,1,2237
5,11,900,Example,0,4740
5,11,900,Example,1,1747
5,11,1000,Example,0,4386
5,11,1000,Example,1,4274
5,11,1100,Example,0,4495
5,11,1100,Example,1,4759
5,11,1200,Example,0,4967
5,11,1200,Example,1,5145
5,11,1300,Example,0,5285
5,11,1300,Example,1,5551
5,11,1400,Example,0,5575
5,11,1400,Example,1,5887
5,11,1500,Example,0,6105
5,11,1500,Example,1,6469
5,11,1600,Example,0,6001
5,11,1600,Example,1,5937
5,11,1700,Example,0,5370
5,11,1700,Example,1,5003
5,11,1800,Example,0,5180
5,11,1800,Example,1,4887
5,11,1900,Example,0,4273
5,11,1900,Example,1,3962
5,11,2000,Example,0,2687
5,11,2000,Example,1,2969
5,11,2100,Example,0,2063
5,11,2100,Example,1,2218
5,11,2200,Example,0,1574
5,11,2200,Example,1,1806
5,11,2300,Example,0,965
5,11,2300,Example,1,1633
6,11,0,Example,0,600
6,11,0,Example,1,1089
6,11,100,Example,0,414
6,11,100,Example,1,466
6,11,200,Example,0,301
6,11,200,Example,1,294
6,11,300,Example,0,412
6,11,300,Example,1,313
6,11,400,Example,0,952
6,11,400,Example,1,418
6,11,500,Example,0,1072
6,11,500,Example,1,721
6,11,600,Example,0,1487
6,11,600,Example,1,1269
6,11,700,Example,0,2386
6,11,700,Example,1,1900
6,11,800,Example,0,3029
6,11,800,Example,1,2756
6,11,900,Example,0,4101
6,11,900,Example,1,3607
6,11,1000,Example,0,4417
6,11,1000,Example,1,4107
6,11,1100,Example,0,4734
6,11,1100,Example,1,4657
6,11,1200,Example,0,4914
6,11,1200,Example,1,5295
6,11,1300,Example,0,5472
6,11,1300,Example,1,5325
6,11,1400,Example,0,5154
6,11,1400,Example,1,5127
6,11,1500,Example,0,4873
6,11,1500,Example,1,4753
6,11,1600,Example,0,4638
6,11,1600,Example,1,5077
6,11,1700,Example,0,4050
6,11,1700,Example,1,4252
6,11,1800,Example,0,3510
6,11,1800,Example,1,3564
6,11,1900,Example,0,2766
6,11,1900,Example,1,2642
6,11,2000,Example,0,1665
6,11,2000,Example,1,2082
6,11,2100,Example,0,1259
6,11,2100,Example,1,1403
6,11,2200,Example,0,1150
6,11,2200,Example,1,1369
6,11,2300,Example,0,809
6,11,2300,Example,1,1177
7,11,0,Example,0,572
7,11,0,Example,1,884
7,11,100,Example,0,417
7,11,100,Example,1,446
7,11,200,Example,0,310
7,11,200,Example,1,355
7,11,300,Example,0,403
7,11,300,Example,1,299
7,11,400,Example,0,704
7,11,400,Example,1,333
7,11,500,Example,0,710
7,11,500,Example,1,551
7,11,600,Example,0,839
7,11,600,Example,1,705
7,11,700,Example,0,1267
7,11,700,Example,1,1107
7,11,800,Example,0,1713
7,11,800,Example,1,1485
7,11,900,Example,0,2628
7,11,900,Example,1,2736
7,11,1000,Example,0,3210
7,11,1000,Example,1,3495
7,11,1100,Example,0,3975
7,11,1100,Example,1,3916
7,11,1200,Example,0,4834
7,11,1200,Example,1,4634
7,11,1300,Example,0,5320
7,11,1300,Example,1,5131
7,11,1400,Example,0,5152
7,11,1400,Example,1,4995
7,11,1500,Example,0,4905
7,11,1500,Example,1,4752
7,11,1600,Example,0,4713
7,11,1600,Example,1,4861
7,11,1700,Example,0,4674
7,11,1700,Example,1,4668
7,11,1800,Example,0,4342
7,11,1800,Example,1,3986
7,11,1900,Example,0,3352
7,11,1900,Example,1,3317
7,11,2000,Example,0,2624
7,11,2000,Example,1,2479
7,11,2100,Example,0,1850
7,11,2100,Example,1,2033
7,11,2200,Example,0,1088
7,11,2200,Example,1,1615
7,11,2300,Example,0,671
7,11,2300,Example,1,1064
1,11,0,Example,0,339
1,11,0,Example,1,750
1,11,100,Example,0,174
1,11,100,Example,1,267
1,11,200,Example,0,217
1,11,200,Example,1,165
1,11,300,Example,0,348
1,11,300,Example,1,216
1,11,400,Example,0,1108
1,11,400,Example,1,404
1,11,500,Example,0,1827
1,11,500,Example,1,1249
1,11,600,Example,0,3343
1,11,600,Example,1,3617
1,11,700,Example,0,6194
1,11,700,Example,1,5147
1,11,800,Example,0,6127
1,11,800,Example,1,4511
1,11,900,Example,0,5211
1,11,900,Example,1,4895
1,11,1000,Example,0,4444
1,11,1000,Example,1,4103
1,11,1100,Example,0,4432
1,11,1100,Example,1,4116
1,11,1200,Example,0,4358
1,11,1200,Example,1,4354
1,11,1300,Example,0,4499
1,11,1300,Example,1,4564
1,11,1400,Example,0,4628
1,11,1400,Example,1,4513
1,11,1500,Example,0,5218
1,11,1500,Example,1,5109
1,11,1600,Example,0,5965
1,11,1600,Example,1,5441
1,11,1700,Example,0,5477
1,11,1700,Example,1,4319
1,11,1800,Example,0,5264
1,11,1800,Example,1,3946
1,11,1900,Example,0,3286
1,11,1900,Example,1,4062
1,11,2000,Example,0,2193
1,11,2000,Example,1,2404
1,11,2100,Example,0,1686
1,11,2100,Example,1,1925
1,11,2200,Example,0,1139
1,11,2200,Example,1,1525
1,11,2300,Example,0,678
1,11,2300,Example,1,1071
2,11,0,Example,0,351
2,11,0,Example,1,790
2,11,100,Example,0,198
2,11,100,Example,1,274
2,11,200,Example,0,211
2,11,200,Example,1,216
2,11,300,Example,0,392
2,11,300,Example,1,236
2,11,400,Example,0,1089
2,11,400,Example,1,426
2,11,500,Example,0,1600
2,11,500,Example,1,1148
2,11,600,Example,0,3301
2,11,600,Example,1,3631
2,11,700,Example,0,5802
2,11,700,Example,1,4708
2,11,800,Example,0,6153
2,11,800,Example,1,4595
2,11,900,Example,0,3107
2,11,900,Example,1,5025
2,11,1000,Example,0,3195
2,11,1000,Example,1,4047
2,11,1100,Example,0,4898
2,11,1100,Example,1,3928
2,11,1200,Example,0,4309
2,11,1200,Example,1,4331
2,11,1300,Example,0,4462
2,11,1300,Example,1,4409
2,11,1400,Example,0,4525
2,11,1400,Example,1,4654
2,11,1500,Example,0,5280
2,11,1500,Example,1,5248
2,11,1600,Example,0,6278
2,11,1600,Example,1,6491
2,11,1700,Example,0,5648
2,11,1700,Example,1,5477
2,11,1800,Example,0,5279
2,11,1800,Example,1,4714
2,11,1900,Example,0,3326
2,11,1900,Example,1,3182
2,11,2000,Example,0,1942
2,11,2000,Example,1,2162
2,11,2100,Example,0,1428
2,11,2100,Example,1,1698
2,11,2200,Example,0,1307
2,11,2200,Example,1,1624
2,11,2300,Example,0,780
2,11,2300,Example,1,1029
3,11,0,Example,0,384
3,11,0,Example,1,720
3,11,100,Example,0,222
3,11,100,Example,1,337
3,11,200,Example,0,219
3,11,200,Example,1,258
3,11,300,Example,0,404
3,11,300,Example,1,256
3,11,400,Example,0,957
3,11,400,Example,1,415
3,11,500,Example,0,1652
3,11,500,Example,1,1029
3,11,600,Example,0,3425
3,11,600,Example,1,3633
3,11,700,Example,0,5921
3,11,700,Example,1,4942
3,11,800,Example,0,6181
3,11,800,Example,1,4561
3,11,900,Example,0,5348
3,11,900,Example,1,3708
3,11,1000,Example,0,4277
3,11,1000,Example,1,4022
3,11,1100,Example,0,4323
3,11,1100,Example,1,4138
3,11,1200,Example,0,4553
3,11,1200,Example,1,4415
3,11,1300,Example,0,4648
3,11,1300,Example,1,4729
3,11,1400,Example,0,4648
3,11,1400,Example,1,4737
3,11,1500,Example,0,5464
3,11,1500,Example,1,5373
3,11,1600,Example,0,6236
3,11,1600,Example,1,6338
3,11,1700,Example,0,5901
3,11,1700,Example,1,5434
3,11,1800,Example,0,5162
3,11,1800,Example,1,5038
3,11,1900,Example,0,3789
3,11,1900,Example,1,3655
3,11,2000,Example,0,2580
3,11,2000,Example,1,2671
3,11,2100,Example,0,1927
3,11,2100,Example,1,2518
3,11,2200,Example,0,1304
3,11,2200,Example,1,1657
3,11,2300,Example,0,776
3,11,2300,Example,1,1168
4,11,0,Example,0,430
4,11,0,Example,1,776
4,11,100,Example,0,226
4,11,100,Example,1,294
4,11,200,Example,0,227
4,11,200,Example,1,207
4,11,300,Example,0,421
4,11,300,Example,1,248
4,11,400,Example,0,1039
4,11,400,Example,1,420
4,11,500,Example,0,1637
4,11,500,Example,1,1113
4,11,600,Example,0,3357
4,11,600,Example,1,3566
4,11,700,Example,0,6037
4,11,700,Example,1,4707
4,11,800,Example,0,5461
4,11,800,Example,1,4748
4,11,900,Example,0,5609
4,11,900,Example,1,4795
4,11,1000,Example,0,4652
4,11,1000,Example,1,4257
4,11,1100,Example,0,4409
4,11,1100,Example,1,4191
4,11,1200,Example,0,4426
4,11,1200,Example,1,4471
4,11,1300,Example,0,4788
4,11,1300,Example,1,4643
4,11,1400,Example,0,4807
4,11,1400,Example,1,4784
4,11,1500,Example,0,5436
4,11,1500,Example,1,5508
4,11,1600,Example,0,6242
4,11,1600,Example,1,5794
4,11,1700,Example,0,5683
4,11,1700,Example,1,6264
4,11,1800,Example,0,5357
4,11,1800,Example,1,5049
4,11,1900,Example,0,3863
4,11,1900,Example,1,3910
4,11,2000,Example,0,2710
4,11,2000,Example,1,3082
4,11,2100,Example,0,2207
4,11,2100,Example,1,2536
4,11,2200,Example,0,1495
4,11,2200,Example,1,1809
4,11,2300,Example,0,882
4,11,2300,Example,1,1199
5,11,0,Example,0,485
5,11,0,Example,1,846
5,11,100,Example,0,271
5,11,100,Example,1,316
5,11,200,Example,0,252
5,11,200,Example,1,236
5,11,300,Example,0,464
5,11,300,Example,1,248
5,11,400,Example,0,1094
5,11,400,Example,1,518
5,11,500,Example,0,1647
5,11,500,Example,1,1097
5,11,600,Example,0,3324
5,11,600,Example,1,3420
5,11,700,Example,0,6163
5,11,700,Example,1,5634
5,11,800,Example,0,5978
5,11,800,Example,1,4556
5,11,900,Example,0,4940
5,11,900,Example,1,4603
5,11,1000,Example,0,4809
5,11,1000,Example,1,4215
5,11,1100,Example,0,4645
5,11,1100,Example,1,4616
5,11,1200,Example,0,4898
5,11,1200,Example,1,5073
5,11,1300,Example,0,5316
5,11,1300,Example,1,5345
5,11,1400,Example,0,5676
5,11,1400,Example,1,5818
5,11,1500,Example,0,6007
5,11,1500,Example,1,6083
5,11,1600,Example,0,6108
5,11,1600,Example,1,6098
5,11,1700,Example,0,5610
5,11,1700,Example,1,5566
5,11,1800,Example,0,4887
5,11,1800,Example,1,4684
5,11,1900,Example,0,3728
5,11,1900,Example,1,3940
5,11,2000,Example,0,2786
5,11,2000,Example,1,3010
5,11,2100,Example,0,2084
5,11,2100,Example,1,2456
5,11,2200,Example,0,1496
5,11,2200,Example,1,1690
5,11,2300,Example,0,968
5,11,2300,Example,1,1326
6,11,0,Example,0,593
6,11,0,Example,1,901
6,11,100,Example,0,383
6,11,100,Example,1,434
6,11,200,Example,0,280
6,11,200,Example,1,304
6,11,300,Example,0,421
6,11,300,Example,1,334
6,11,400,Example,0,899
6,11,400,Example,1,410
6,11,500,Example,0,1016
6,11,500,Example,1,769
6,11,600,Example,0,1489
6,11,600,Example,1,1260
6,11,700,Example,0,2148
6,11,700,Example,1,1918
6,11,800,Example,0,2835
6,11,800,Example,1,2696
6,11,900,Example,0,4135
6,11,900,Example,1,3670
6,11,1000,Example,0,4557
6,11,1000,Example,1,4147
6,11,1100,Example,0,4651
6,11,1100,Example,1,4576
6,11,1200,Example,0,4810
6,11,1200,Example,1,5366
6,11,1300,Example,0,5113
6,11,1300,Example,1,5363
6,11,1400,Example,0,4827
6,11,1400,Example,1,5141
6,11,1500,Example,0,4678
6,11,1500,Example,1,4784
6,11,1600,Example,0,4661
6,11,1600,Example,1,4817
6,11,1700,Example,0,3974
6,11,1700,Example,1,4072
6,11,1800,Example,0,3373
6,11,1800,Example,1,3364
6,11,1900,Example,0,2700
6,11,1900,Example,1,2734
6,11,2000,Example,0,1889
6,11,2000,Example,1,2375
6,11,2100,Example,0,1260
6,11,2100,Example,1,1449
6,11,2200,Example,0,980
6,11,2200,Example,1,1092
6,11,2300,Example,0,879
6,11,2300,Example,1,1191
7,11,0,Example,0,605
7,11,0,Example,1,925
7,11,100,Example,0,450
7,11,100,Example,1,466
7,11,200,Example,0,319
7,11,200,Example,1,302
7,11,300,Example,0,390
7,11,300,Example,1,244
7,11,400,Example,0,685
7,11,400,Example,1,356
7,11,500,Example,0,675
7,11,500,Example,1,568
7,11,600,Example,0,722
7,11,600,Example,1,700
7,11,700,Example,0,1209
7,11,700,Example,1,1013
7,11,800,Example,0,1566
7,11,800,Example,1,1486
7,11,900,Example,0,2469
7,11,900,Example,1,2422
7,11,1000,Example,0,3190
7,11,1000,Example,1,3356
7,11,1100,Example,0,3875
7,11,1100,Example,1,4091
7,11,1200,Example,0,4602
7,11,1200,Example,1,4709
7,11,1300,Example,0,5029
7,11,1300,Example,1,4954
7,11,1400,Example,0,4036
7,11,1400,Example,1,4952
7,11,1500,Example,0,4983
7,11,1500,Example,1,4544
7,11,1600,Example,0,4654
7,11,1600,Example,1,4658
7,11,1700,Example,0,4474
7,11,1700,Example,1,4260
7,11,1800,Example,0,3972
7,11,1800,Example,1,3978
7,11,1900,Example,0,3263
7,11,1900,Example,1,3228
7,11,2000,Example,0,2534
7,11,2000,Example,1,2565
7,11,2100,Example,0,1818
7,11,2100,Example,1,1943
7,11,2200,Example,0,1198
7,11,2200,Example,1,1485
7,11,2300,Example,0,713
7,11,2300,Example,1,1083
1,11,0,Example,0,323
1,11,0,Example,1,777
1,11,100,Example,0,192
1,11,100,Example,1,239
1,11,200,Example,0,216
1,11,200,Example,1,173
1,11,300,Example,0,375
1,11,300,Example,1,177
1,11,400,Example,0,1066
1,11,400,Example,1,419
1,11,500,Example,0,1757
1,11,500,Example,1,1248
1,11,600,Example,0,3304
1,11,600,Example,1,3600
1,11,700,Example,0,5857
1,11,700,Example,1,4709
1,11,800,Example,0,5410
1,11,800,Example,1,4546
1,11,900,Example,0,5461
1,11,900,Example,1,4873
1,11,1000,Example,0,4907
1,11,1000,Example,1,4088
1,11,1100,Example,0,4486
1,11,1100,Example,1,4174
1,11,1200,Example,0,4334
1,11,1200,Example,1,4322
1,11,1300,Example,0,4573
1,11,1300,Example,1,4570
1,11,1400,Example,0,4553
1,11,1400,Example,1,4637
1,11,1500,Example,0,5048
1,11,1500,Example,1,5184
1,11,1600,Example,0,5950
1,11,1600,Example,1,5894
1,11,1700,Example,0,5597
1,11,1700,Example,1,5497
1,11,1800,Example,0,4883
1,11,1800,Example,1,4826
1,11,1900,Example,0,3240
1,11,1900,Example,1,3496
1,11,2000,Example,0,2195
1,11,2000,Example,1,2407
1,11,2100,Example,0,1607
1,11,2100,Example,1,1959
1,11,2200,Example,0,1138
1,11,2200,Example,1,1392
1,11,2300,Example,0,718
1,11,2300,Example,1,882
2,11,0,Example,0,381
2,11,0,Example,1,854
2,11,100,Example,0,211
2,11,100,Example,1,410
2,11,200,Example,0,186
2,11,200,Example,1,196
2,11,300,Example,0,388
2,11,300,Example,1,231
2,11,400,Example,0,1075
2,11,400,Example,1,460
2,11,500,Example,0,1599
2,11,500,Example,1,1098
2,11,600,Example,0,3394
2,11,600,Example,1,3780
2,11,700,Example,0,6170
2,11,700,Example,1,5107
2,11,800,Example,0,6011
2,11,800,Example,1,4879
2,11,900,Example,0,5411
2,11,900,Example,1,4779
2,11,1000,Example,0,4442
2,11,1000,Example,1,4169
2,11,1100,Example,0,4320
2,11,1100,Example,1,4134
2,11,1200,Example,0,4276
2,11,1200,Example,1,4202
2,11,1300,Example,0,4511
2,11,1300,Example,1,4368
2,11,1400,Example,0,4716
2,11,1400,Example,1,4591
2,11,1500,Example,0,5120
2,11,1500,Example,1,5265
2,11,1600,Example,0,5994
2,11,1600,Example,1,6195
2,11,1700,Example,0,5837
2,11,1700,Example,1,5543
2,11,1800,Example,0,4975
2,11,1800,Example,1,4648
2,11,1900,Example,0,3642
2,11,1900,Example,1,3535
2,11,2000,Example,0,2320
2,11,2000,Example,1,2635
2,11,2100,Example,0,1689
2,11,2100,Example,1,2215
2,11,2200,Example,0,1278
2,11,2200,Example,1,1685
2,11,2300,Example,0,768
2,11,2300,Example,1,1097
3,11,0,Example,0,390
3,11,0,Example,1,758
3,11,100,Example,0,175
3,11,100,Example,1,347
3,11,200,Example,0,215
3,11,200,Example,1,211
3,11,300,Example,0,368
3,11,300,Example,1,259
3,11,400,Example,0,937
3,11,400,Example,1,405
3,11,500,Example,0,1592
3,11,500,Example,1,1038
3,11,600,Example,0,2293
3,11,600,Example,1,3456
3,11,700,Example,0,4649
3,11,700,Example,1,4116
3,11,800,Example,0,5085
3,11,800,Example,1,4296
3,11,900,Example,0,4410
3,11,900,Example,1,4419
3,11,1000,Example,0,4357
3,11,1000,Example,1,4314
3,11,1100,Example,0,3849
3,11,1100,Example,1,3864
3,11,1200,Example,0,3651
3,11,1200,Example,1,4342
3,11,1300,Example,0,3571
3,11,1300,Example,1,4447
3,11,1400,Example,0,1907
3,11,1400,Example,1,4512
3,11,1500,Example,0,3531
3,11,1500,Example,1,4711
3,11,1600,Example,0,4750
3,11,1600,Example,1,2814
3,11,1700,Example,0,5450
3,11,1700,Example,1,4961
3,11,1800,Example,0,4817
3,11,1800,Example,1,4917
3,11,1900,Example,0,4062
3,11,1900,Example,1,3550
3,11,2000,Example,0,2549
3,11,2000,Example,1,2615
3,11,2100,Example,0,1829
3,11,2100,Example,1,2338
3,11,2200,Example,0,1333
3,11,2200,Example,1,1668
3,11,2300,Example,0,752
3,11,2300,Example,1,1053
4,11,0,Example,0,423
4,11,0,Example,1,812
4,11,100,Example,0,207
4,11,100,Example,1,298
4,11,200,Example,0,215
4,11,200,Example,1,241
4,11,300,Example,0,416
4,11,300,Example,1,272
4,11,400,Example,0,1034
4,11,400,Example,1,444
4,11,500,Example,0,1597
4,11,500,Example,1,1024
4,11,600,Example,0,3328
4,11,600,Example,1,3757
4,11,700,Example,0,5908
4,11,700,Example,1,4897
4,11,800,Example,0,5666
4,11,800,Example,1,4569
4,11,900,Example,0,5176
4,11,900,Example,1,4769
4,11,1000,Example,0,4584
4,11,1000,Example,1,4285
4,11,1100,Example,0,4422
4,11,1100,Example,1,4195
4,11,1200,Example,0,4364
4,11,1200,Example,1,4382
4,11,1300,Example,0,4601
4,11,1300,Example,1,4740
4,11,1400,Example,0,3798
4,11,1400,Example,1,4797
4,11,1500,Example,0,5824
4,11,1500,Example,1,5547
4,11,1600,Example,0,6119
4,11,1600,Example,1,6301
4,11,1700,Example,0,5782
4,11,1700,Example,1,5613
4,11,1800,Example,0,5114
4,11,1800,Example,1,4692
4,11,1900,Example,0,4100
4,11,1900,Example,1,4052
4,11,2000,Example,0,2778
4,11,2000,Example,1,3022
4,11,2100,Example,0,2241
4,11,2100,Example,1,2536
4,11,2200,Example,0,1463
4,11,2200,Example,1,1840
4,11,2300,Example,0,848
4,11,2300,Example,1,1196
5,11,0,Example,0,461
5,11,0,Example,1,863
5,11,100,Example,0,252
5,11,100,Example,1,371
5,11,200,Example,0,239
5,11,200,Example,1,264
5,11,300,Example,0,451
5,11,300,Example,1,247
5,11,400,Example,0,1066
5,11,400,Example,1,446
5,11,500,Example,0,1586
5,11,500,Example,1,1056
5,11,600,Example,0,3299
5,11,600,Example,1,3301
5,11,700,Example,0,6183
5,11,700,Example,1,5402
5,11,800,Example,0,5758
5,11,800,Example,1,4639
5,11,900,Example,0,4819
5,11,900,Example,1,4679
5,11,1000,Example,0,4587
5,11,1000,Example,1,4438
5,11,1100,Example,0,4794
5,11,1100,Example,1,4461
5,11,1200,Example,0,4996
5,11,1200,Example,1,4887
5,11,1300,Example,0,5439
5,11,1300,Example,1,5356
5,11,1400,Example,0,5608
5,11,1400,Example,1,5755
5,11,1500,Example,0,5671
5,11,1500,Example,1,5683
5,11,1600,Example,0,6031
5,11,1600,Example,1,5949
5,11,1700,Example,0,5524
5,11,1700,Example,1,5583
5,11,1800,Example,0,5229
5,11,1800,Example,1,4444
5,11,1900,Example,0,3907
5,11,1900,Example,1,4027
5,11,2000,Example,0,2885
5,11,2000,Example,1,2973
5,11,2100,Example,0,2235
5,11,2100,Example,1,2442
5,11,2200,Example,0,1678
5,11,2200,Example,1,1799
5,11,2300,Example,0,1054
5,11,2300,Example,1,1372
6,11,0,Example,0,619
6,11,0,Example,1,928
6,11,100,Example,0,452
6,11,100,Example,1,607
6,11,200,Example,0,328
6,11,200,Example,1,335
6,11,300,Example,0,494
6,11,300,Example,1,358
6,11,400,Example,0,992
6,11,400,Example,1,466
6,11,500,Example,0,1035
6,11,500,Example,1,729
6,11,600,Example,0,1434
6,11,600,Example,1,1159
6,11,700,Example,0,2347
6,11,700,Example,1,1731
6,11,800,Example,0,3221
6,11,800,Example,1,2599
6,11,900,Example,0,3984
6,11,900,Example,1,3603
6,11,1000,Example,0,4243
6,11,1000,Example,1,3865
6,11,1100,Example,0,4515
6,11,1100,Example,1,4600
6,11,1200,Example,0,4897
6,11,1200,Example,1,5111
6,11,1300,Example,0,4955
6,11,1300,Example,1,5251
6,11,1400,Example,0,4748
6,11,1400,Example,1,5131
6,11,1500,Example,0,4755
6,11,1500,Example,1,4767
6,11,1600,Example,0,4737
6,11,1600,Example,1,4795
6,11,1700,Example,0,4086
6,11,1700,Example,1,4296
6,11,1800,Example,0,3439
6,11,1800,Example,1,3417
6,11,1900,Example,0,2856
6,11,1900,Example,1,2814
6,11,2000,Example,0,1986
6,11,2000,Example,1,2369
6,11,2100,Example,0,1178
6,11,2100,Example,1,1642
6,11,2200,Example,0,1043
6,11,2200,Example,1,1192
6,11,2300,Example,0,840
6,11,2300,Example,1,1099
7,11,0,Example,0,618
7,11,0,Example,1,1013
7,11,100,Example,0,442
7,11,100,Example,1,571
7,11,200,Example,0,377
7,11,200,Example,1,328
7,11,300,Example,0,466
7,11,300,Example,1,297
7,11,400,Example,0,718
7,11,400,Example,1,319
7,11,500,Example,0,691
7,11,500,Example,1,591
7,11,600,Example,0,840
7,11,600,Example,1,679
7,11,700,Example,0,1271
7,11,700,Example,1,1004
7,11,800,Example,0,1456
7,11,800,Example,1,1369
7,11,900,Example,0,2378
7,11,900,Example,1,2253
7,11,1000,Example,0,3019
7,11,1000,Example,1,3143
7,11,1100,Example,0,4006
7,11,1100,Example,1,3939
7,11,1200,Example,0,4411
7,11,1200,Example,1,4500
7,11,1300,Example,0,5015
7,11,1300,Example,1,4888
7,11,1400,Example,0,4806
7,11,1400,Example,1,4817
7,11,1500,Example,0,4787
7,11,1500,Example,1,4652
7,11,1600,Example,0,4707
7,11,1600,Example,1,4810
7,11,1700,Example,0,4369
7,11,1700,Example,1,4357
7,11,1800,Example,0,4165
7,11,1800,Example,1,3853
7,11,1900,Example,0,3249
7,11,1900,Example,1,3150
7,11,2000,Example,0,2567
7,11,2000,Example,1,2707
7,11,2100,Example,0,1905
7,11,2100,Example,1,1923
7,11,2200,Example,0,1140
7,11,2200,Example,1,1529
7,11,2300,Example,0,713
7,11,2300,Example,1,1038
1,11,0,Example,0,382
1,11,0,Example,1,830
1,11,100,Example,0,178
1,11,100,Example,1,307
1,11,200,Example,0,206
1,11,200,Example,1,183
1,11,300,Example,0,376
1,11,300,Example,1,231
1,11,400,Example,0,1074
1,11,400,Example,1,410
1,11,500,Example,0,1796
1,11,500,Example,1,1293
1,11,600,Example,0,3412
1,11,600,Example,1,3782
1,11,700,Example,0,6023
1,11,700,Example,1,4811
1,11,800,Example,0,5940
1,11,800,Example,1,4800
1,11,900,Example,0,5291
1,11,900,Example,1,4591
1,11,1000,Example,0,4579
1,11,1000,Example,1,4348
1,11,1100,Example,0,4464
1,11,1100,Example,1,4186
1,11,1200,Example,0,4464
1,11,1200,Example,1,4446
1,11,1300,Example,0,4703
1,11,1300,Example,1,4617
1,11,1400,Example,0,4638
1,11,1400,Example,1,4722
1,11,1500,Example,0,5070
1,11,1500,Example,1,5162
1,11,1600,Example,0,5130
1,11,1600,Example,1,5869
1,11,1700,Example,0,3697
1,11,1700,Example,1,5673
1,11,1800,Example,0,5616
1,11,1800,Example,1,5036
1,11,1900,Example,0,3684
1,11,1900,Example,1,3408
1,11,2000,Example,0,2274
1,11,2000,Example,1,2468
1,11,2100,Example,0,1668
1,11,2100,Example,1,2091
1,11,2200,Example,0,1176
1,11,2200,Example,1,1427
1,11,2300,Example,0,712
1,11,2300,Example,1,1057
2,11,0,Example,0,404
2,11,0,Example,1,833
2,11,100,Example,0,228
2,11,100,Example,1,330
2,11,200,Example,0,230
2,11,200,Example,1,189
2,11,300,Example,0,420
2,11,300,Example,1,248
2,11,400,Example,0,1090
2,11,400,Example,1,457
2,11,500,Example,0,1711
2,11,500,Example,1,1155
2,11,600,Example,0,3333
2,11,600,Example,1,3615
2,11,700,Example,0,6057
2,11,700,Example,1,4915
2,11,800,Example,0,5902
2,11,800,Example,1,4396
2,11,900,Example,0,5081
2,11,900,Example,1,4173
2,11,1000,Example,0,4651
2,11,1000,Example,1,4609
2,11,1100,Example,0,3743
2,11,1100,Example,1,3957
2,11,1200,Example,0,4647
2,11,1200,Example,1,3076
2,11,1300,Example,0,4500
2,11,1300,Example,1,4531
2,11,1400,Example,0,4625
2,11,1400,Example,1,4668
2,11,1500,Example,0,5212
2,11,1500,Example,1,5169
2,11,1600,Example,0,6234
2,11,1600,Example,1,5979
2,11,1700,Example,0,5649
2,11,1700,Example,1,5816
2,11,1800,Example,0,4946
2,11,1800,Example,1,4793
2,11,1900,Example,0,3594
2,11,1900,Example,1,3514
2,11,2000,Example,0,2385
2,11,2000,Example,1,2721
2,11,2100,Example,0,1805
2,11,2100,Example,1,2074
2,11,2200,Example,0,1120
2,11,2200,Example,1,1473
2,11,2300,Example,0,661
2,11,2300,Example,1,1106
3,11,0,Example,0,356
3,11,0,Example,1,815
3,11,100,Example,0,208
3,11,100,Example,1,333
3,11,200,Example,0,206
3,11,200,Example,1,197
3,11,300,Example,0,377
3,11,300,Example,1,255
3,11,400,Example,0,940
3,11,400,Example,1,404
3,11,500,Example,0,1580
3,11,500,Example,1,1025
3,11,600,Example,0,3335
3,11,600,Example,1,3560
3,11,700,Example,0,5689
3,11,700,Example,1,5291
3,11,800,Example,0,5984
3,11,800,Example,1,4055
3,11,900,Example,0,5519
3,11,900,Example,1,5269
3,11,1000,Example,0,4517
3,11,1000,Example,1,4329
3,11,1100,Example,0,4426
3,11,1100,Example,1,4222
3,11,1200,Example,0,4357
3,11,1200,Example,1,4399
3,11,1300,Example,0,4593
3,11,1300,Example,1,4589
3,11,1400,Example,0,4721
3,11,1400,Example,1,4638
3,11,1500,Example,0,5399
3,11,1500,Example,1,5241
3,11,1600,Example,0,6052
3,11,1600,Example,1,5927
3,11,1700,Example,0,5567
3,11,1700,Example,1,5865
3,11,1800,Example,0,5226
3,11,1800,Example,1,4133
3,11,1900,Example,0,3823
3,11,1900,Example,1,4300
3,11,2000,Example,0,2644
3,11,2000,Example,1,2882
3,11,2100,Example,0,1978
3,11,2100,Example,1,2390
3,11,2200,Example,0,1382
3,11,2200,Example,1,1739
3,11,2300,Example,0,768
3,11,2300,Example,1,1097
4,11,0,Example,0,414
4,11,0,Example,1,664
4,11,100,Example,0,213
4,11,100,Example,1,386
4,11,200,Example,0,229
4,11,200,Example,1,243
4,11,300,Example,0,388
4,11,300,Example,1,238
4,11,400,Example,0,983
4,11,400,Example,1,423
4,11,500,Example,0,1572
4,11,500,Example,1,1067
4,11,600,Example,0,3404
4,11,600,Example,1,3668
4,11,700,Example,0,6214
4,11,700,Example,1,5058
4,11,800,Example,0,6023
4,11,800,Example,1,4621
4,11,900,Example,0,5150
4,11,900,Example,1,4912
4,11,1000,Example,0,4694
4,11,1000,Example,1,4068
4,11,1100,Example,0,4464
4,11,1100,Example,1,4197
4,11,1200,Example,0,4541
4,11,1200,Example,1,4605
4,11,1300,Example,0,4711
4,11,1300,Example,1,4698
4,11,1400,Example,0,4876
4,11,1400,Example,1,4890
4,11,1500,Example,0,5544
4,11,1500,Example,1,5347
4,11,1600,Example,0,5868
4,11,1600,Example,1,6166
4,11,1700,Example,0,5748
4,11,1700,Example,1,5785
4,11,1800,Example,0,5236
4,11,1800,Example,1,4590
4,11,1900,Example,0,3858
4,11,1900,Example,1,3881
4,11,2000,Example,0,2751
4,11,2000,Example,1,2944
4,11,2100,Example,0,2308
4,11,2100,Example,1,2376
4,11,2200,Example,0,1554
4,11,2200,Example,1,1895
4,11,2300,Example,0,858
4,11,2300,Example,1,1404
